exercise_id,name_ptbr,drive_id,arquivo_original_drive,status
ex_001,Agachamento livre,1fU9JhxTMmakbAHk2H9a1ZlakMDAFrD4H,AGACHAMENTOLIVRE 2.MOV,ok
ex_002,Avanço (afundo) com peso corporal,1_HftqtaDkZti6gLNQCqlBlP7IxD9kq-x,AVANCOCOMPESOCORPORAL.MOV,ok
ex_003,Agachamento sumô isométrico,1_0BcaRvnfw0AXRB4CjTwNYH2dz_qCsSl,AGACHAMENTOSUMOISO.mov,ok
ex_004,Agachamento com halteres,1kL1ulRDTgM9xVZgg1gb2GXzmCn6Y-Xbl,AGACHAMENTO COM HALTERES.MOV,ok
ex_005,lunge Passada com halteres,10iBMAc2z7DvXu_RPA5RFOh0NqfWB-XWo,PASSADACOMHALTERES.MOV,ok
ex_006,Agachamento frontal com kettlebell,1S0e3XGpsMjuT8mP8ufawA0AqKN_gGEUW,AGACHAMENTOFRONTALCOMKETTUBEL.MOV,ok
ex_007,Leg press,1g3BHjkZdOFvHDTccm9pL2hEBrzTKDnld,LEG PRESS.MOV,ok
ex_008,Cadeira extensora,1NUiAyp1kVl5GRR2GG_6H6Xw_ckSIH7h5,CADEIRAEXTENSORA.MOV,ok
ex_009,Agachamento no smith,1IhKOE3k0YXrI0QUWTURye43X_ywYU5SX,AGACHAMENTONOSMITH.MOV,ok
ex_010,Agachamento frontal com barra,17vD7Mbp8BRFYUZnOHfGqALoWAu23GOE2,AGACHAMENTOFRONTALCOMBARRA.MOV,ok
ex_011,Avanço com barra,1EUfDonJ4XlfavsZUS33CKPm-sKYGiLKq,AVANCOCOMBARRA.MOV,ok
ex_012,Thruster (agachamento com push press),122oNeS3cT0mMqcO58DyxYR7DhJhxnUOB,THRUSTHER.MOV,ok
ex_013,Wall ball,1UcpkTEhMSHkDYQblYiCMjIIH3Ts5zC38,WALLBALL.MOV,ok
ex_014,Front squat com barra olímpica,1N7X3A5mzF1H95Njktr2jo-wwp-JkpEyG,FRONT SQUAT BARRA.MOV,ok
ex_015,Box step-up com peso,1bXRuDLe_PhkXTbVIPdjsm6qi4Ex-A3f-,BOXSTEPUPCOMPESO.MOV,ok
ex_016,Agachamento búlgaro com halteres,1BwQCr18xcJWuJHDnzldHYfGpBOEzT59d,BULGAROCOMDUMBEL.MOV,ok
ex_017,Agachamento búlgaro com barra,1855cWB_H8tdsIK3w352artNTX7PjNbjR,BULGAROCOMBARRA.MOV,ok
ex_018,Agachamento isométrico (cadeirinha),1qh-qE5io_HJRRI_Kf1J8zAckX5vuwkqe,AGACHAMENTOISIOMETRICO.MOV,ok
ex_019,Cossack squat,1H1v8LbgQ2TO-2AE6VFwxWHOiCcxxVlcw,COSSACKSQUAT.MOV,ok
ex_020,Agachamento búlgaro,1dUWtm-A-AYQB9f8hmSkuje79DV6wqc8W,BULGAROSEMCARGA.MOV,ok
ex_021,Agachamento com salto (Jump Squat),19ZqW_cgauCD0LfBYfEfC3Pdyc-Q-zirT,AGACHAMENTOCOMSALTO.MOV,ok
ex_022,Wall Sit (agachamento isométrico na parede),1M9gXOixGp6YPaqhAvfMp40Q34_hhYp0Z,AGACHAMENTOISIOMETRICONAPAREDE.MOV,ok
ex_023,Step-up no degrau,1Hm12j67F27uU1cOgtHmxytfTMELcSqtS,STEP UP NO DEGRAU.MOV,ok
ex_024,lunge Passada,1tTyu8-05zIvzMYrsxVfVPjVWjSLKuc9n,LUNGE PASSADA.MOV,ok
ex_025,Agachamento com elástico (miniband),1azNYVHnb5xt_PfZBUzKRY5fRS5wyzW07,AGACHAMENTOCOMELASTICO.MOV,ok
ex_026,Avanço com halteres,1STTwyRl7qzHKJiC4r17bKwJTp6lm6Bmg,AVANCOCOMHALTERES.MOV,ok
ex_027,Cadeira extensora unilateral,1rh7lscY6IK2NarYrKw9McZEMxwE9xdbs,CADEIRAEXTENSORAUNILATERAL.MOV,ok
ex_028,Leg Press 45°,1jnsbIahbMiLAl7kaSl36dEd_YnFNiSMD,LEG PRESS 45.MOV,ok
ex_029,Hack Squat,1Wt6jq77h95wtgyMdSTVu5xBkuEWjWTqv,HACK SQUAT.MOV,ok
ex_030,Agachamento frontal com halteres,1_2VZqPJXSu_FfSd0fmjCx4PrpEJWJ1ZZ,AGACHAMENTOFRONTALDUMBEL.MOV,ok
ex_031,Avanço com step  no Smith Machine,1ze6gPeFzirbo66eRCQS0ICS1J_TCAg2R,AVANCOCOMSTEPNOSMITH.MOV,ok
ex_032,Passada lateral em posição de agachamento,15rXH9x0Zq8PLPrVTgG_vZeC6fNl_wtCu,AGACHAMENTOCOMDESLOCAMENTOLATERALDEPE.MOV,ok
ex_033,Back Squat,1CEqMW9YDIonDP_KRn_chO5eNGxFDOWah,BACKSQUATCOMBARRAOLIMPICA.MOV,ok
ex_034,Box Squat (peso corporal),12dCae3oGIbSEoGbVDXr82hYdtD1CIU5R,BOX SQUAT.MOV,ok
ex_035,Box Squat com halteres,1KDoKCuyQh9A30CdV6cB-mLqgjJY9azqj,BOX SQUAT HALTERES.MOV,ok
ex_036,Box Squat com barra,1FxNtJPB582ACKVpwDjVTz6xCL7Xh3ptc,BOX SQUAT BARRA.MOV,ok
ex_037,Box Squat com elástico,16ChO9BW6sAGjX4usr7pFriMUZaj-SJmf,BOX SQUAT ELASTICO.MOV,ok
ex_038,Box Squat Unilateral (peso corporal),11zQArxKVXkouSdKYkL_UGExC9OU05ElW,BOX SQUAT UNILATERAL.MOV,ok
ex_039,Box Squat Unilateral com halteres,1y_cNSSwgmKzbWsPanPQUMJOEozfKHzgI,BOX SQUAT UNILATERAL COM HALTER.MOV,ok
ex_040,Passada lateral em posição de agachamento com mini band,1dcjg3DwrxkQYVoTX63jupMQ2PrP5mq18,PASSADALATERALEMPOSICAODEAGACOMELASTICO.MOV,ok
ex_041,Thruster com barra,1ZuHZmlxI8EnrFcHrBdHwvnZhqlahd8wu,THRUSTERCOMBARRAOLIMPICA.MOV,ok
ex_042,Agachamento unilateral,1sxAFTXppl_kmlmkqM8abxi_lQxTWc64A,AGACHAMENTOUNILATERAL.MOV,ok
ex_043,Jump Lunge,1ZnXSrkrV4N7zAQVJNUeflXu45rAof-FZ,JUMP LUNGE.MOV,ok
ex_044,Ponte de glúteos,1DDyixWxfWnhwD9K4_vcwW7SCg-YZcGai,PONTE DE GUTEOS.MOV,ok
ex_045,Agachamento livre,1Bj-scQBRD6-y14XTbLlxptrSkp61VrDi,AGACHAMENTOLIVRE 2.MOV,ok
ex_046,Avanço (afundo),1lULGgZ_v_mzuWSRaIHo3f2GYpQ9LwG9E,AVANCOCOMPESOCORPORAL.MOV,ok
ex_047,Abdução de quadril deitada com mini band,1ZOSxdIReSjSxlj9KUzMuNlb0_B1GQV3g,ABDUCAO DE QUADRIL DEITADA .MOV,ok
ex_048,Avanço com halteres,1umsKE3mPSWQexr0kcxmcYbW1Yb-NSvCa,AVANCOCOMHALTERES.MOV,ok
ex_049,Cadeira abdutora,1MXUWWgiy0PUIC3wEqFyBzRLpN6j_E7cm,CADEIRA ABDUTORA.MOV,ok
ex_050,Cadeira flexora,1-bPTlHNzxU-L0KWSkMBAoC2KTjhL6kcl,CADEIRA FLEXORA.MOV,ok
ex_051,Agachamento com barra,15dBVOpXTV0yOCUAxDTxrIhPBxQKKl478,BACKSQUATCOMBARRAOLIMPICA.MOV,ok
ex_052,Levantamento terra,1b4h8xGbupehAJAgQEqnzYCxS9MFkw8ZJ,DEADLIFT.MOV,ok
ex_053,Avanço unilateral Smith,1O45nlazS9Q57nyjQTRTGt69PrqX4y_PN,AVANCOCOMSTEPNOSMITH.MOV,ok
ex_054,Kettlebell swing,1vxBahjJxuh8_nKjAQa8FVmJELu-U8QXF,KETTLEBELL SWING.MOV,ok
ex_055,Deadlift com barra olímpica,1c2KTEP3Z0vGA0wi9T0_6wbu0Gm76B2yS,DEADLIFT TRADICIONAL BARRA.MOV,ok
ex_056,Step-up no box com peso,1-Y1JWObE2QAeUFECRdFthzp_i6BInV46,BOXSTEPUPCOMPESO.MOV,ok
ex_057,Agachamento búlgaro com o tronco projetado à frente com halteres,1NK6utOjIPzbgAM3p7HlN-8jwhClQCL7A,AGACHAMENTOBULGAROCOMCORPOINCLINDADOCOMCARGA.MOV,ok
ex_058,Agachamento isométrico (cadeirinha),1qh-qE5io_HJRRI_Kf1J8zAckX5vuwkqe,AGACHAMENTOISIOMETRICO.MOV,ok
ex_059,Agachamento búlgaro com o tronco projetado à frente,1MUh67AoTBWzldzNomL1J0CHcV6v7A8UO,AGACHAMENTOBULGAROCOMTRONCOINLINADO.MOV,ok
ex_060,Avanço reverso,11FdM2ssjI27r9OT21Z89tIs-zmo7GrSU,AVANCO REVERSO COM HALTERES.MOV,ok
ex_061,Ponte unilateral com perna elevada,1JYXya7Iy0151QTmepQ0qZ37a9jByRWoD,PONTE UNILATERAL .MOV,ok
ex_062,Abdução em pé com miniband,19x4t5bkGe8J_fehQAnsncMADWyl_C2VB,,erro: HTTP 404 (arquivo não existe mais)
ex_063,Agachamento com miniband nos joelhos,1ONBnOmKh9WpVQ01F4FOfF594hyU3fkH-,AGACHAMENTOCOMELASTICO.MOV,ok
ex_064,Extensão de quadril no cross,1Yypm_yCD_NY1T8vc1GfqNRRs0KkfBOdh,EXTENSAO DE QUADRIL NO CROSS.MOV,ok
ex_065,Romanian Deadlift com halteres,1dtLxDH-us5U6UFZDHq6K5qVftndDInAR,ROMANIAN DEADLIFT COM HALTERES.MOV,ok
ex_066,Stiff com halteres,1uXIwxsSgLdekmDsKMuV5SM8TFKBgVIZx,STIFF COM HALTERES.MOV,ok
ex_067,Deadlift unilateral com halter,1zmkzhoXnKhoqoZlUvpMsv_eQSpYM74_i,DEADLIFT UNILATERAL.MOV,ok
ex_068,Sumô Deadlift com halteres,1Vemk-WVqtc-WthjjOEvRvWgthBcpF-EC,,erro: HTTP 404 (arquivo não existe mais)
ex_069,Deadlift tradicional com barra,1c2KTEP3Z0vGA0wi9T0_6wbu0Gm76B2yS,DEADLIFT TRADICIONAL BARRA.MOV,ok
ex_070,Romanian Deadlift com barra,1YDElL45X_-sPFjyBs5GqBKajIcdwLd_V,ROMANIAN DEADLIFT BARRA.MOV,ok
ex_071,Stiff com barra,1MZSK8BncCcV_m-mKtLOm-OVxcvUdQFxw,STIFF COM BARRA.MOV,ok
ex_072,Sumô Deadlift com barra,1Vpv7Hx9WHqvGWSVfktVcUX3oIgBDX4Wk,SUMO DEADLIFT COM BARRA.MOV,ok
ex_073,Ponte de glúteos unilateral,1JYXya7Iy0151QTmepQ0qZ37a9jByRWoD,PONTE UNILATERAL .MOV,ok
ex_074,Good morning com peso corporal,1gLh92WMRiXARuYRZrMtHmEWmkIH4f64W,GOOD MORNING.MOV,ok
ex_075,Stiff com halteres,1uXIwxsSgLdekmDsKMuV5SM8TFKBgVIZx,STIFF COM HALTERES.MOV,ok
ex_076,Leg curl com bola suíça,1M9ydM1Rip-j5vHyWnEf-z6UMRo9cbIJl,LEG CURL COM BOLA SUICA .MOV,ok
ex_077,Good morning com elastico,1ZV05a8pkwPy21EvNZYPhMRwJLwcH71hg,GOOD MORNING COM ELASTICO.MOV,ok
ex_078,Mesa flexora,1e7Ko_ttgDmpuJFk-v4_aG3ZVWYG8WAQ2,MESA FLEXORA.MOV,ok
ex_079,Stiff com barra,1MZSK8BncCcV_m-mKtLOm-OVxcvUdQFxw,STIFF COM BARRA.MOV,ok
ex_080,Levantamento terra romeno,1YDElL45X_-sPFjyBs5GqBKajIcdwLd_V,ROMANIAN DEADLIFT BARRA.MOV,ok
ex_081,Cadeira flexora,1-bPTlHNzxU-L0KWSkMBAoC2KTjhL6kcl,CADEIRA FLEXORA.MOV,ok
ex_082,Kettlebell swing,1vxBahjJxuh8_nKjAQa8FVmJELu-U8QXF,KETTLEBELL SWING.MOV,ok
ex_083,Deadlift com barra olímpica,1c2KTEP3Z0vGA0wi9T0_6wbu0Gm76B2yS,DEADLIFT TRADICIONAL BARRA.MOV,ok
ex_084,Avanço reverso (peso corporal),1fcKF6R3dN8JqsJn1rDX1Pmi7UgcqChiN,AVANCO REVERSO.MOV,ok
ex_085,Avanço reverso com halteres,11FdM2ssjI27r9OT21Z89tIs-zmo7GrSU,AVANCO REVERSO COM HALTERES.MOV,ok
ex_086,Deadlift unilateral com halteres,1zmkzhoXnKhoqoZlUvpMsv_eQSpYM74_i,DEADLIFT UNILATERAL.MOV,ok
ex_087,Mesa flexora,1e7Ko_ttgDmpuJFk-v4_aG3ZVWYG8WAQ2,MESA FLEXORA.MOV,ok
ex_088,Cadeira flexora unilateral,1OGrSw2eyfwDD0LiWoVM93JFpcA-b40gh,CADEIRA FLEXORA UNILATERAL.MOV,ok
ex_089,Good morning com barra,19u_XpuHU_Xh0oGjoR0zKAytwxbgJ7Mvo,GOODMORING BARRA.MOV,ok
ex_090,Peso morto romeno com halteres,1dtLxDH-us5U6UFZDHq6K5qVftndDInAR,ROMANIAN DEADLIFT COM HALTERES.MOV,ok
ex_091,Stiff unilateral com peso corporal,1Lqmv0x1Tgkc6DLC7T90bUhAwikgi5j9M,STIFF UNILATERAL .MOV,ok
ex_092,Stiff unilateral com halteres,1p7vs2eA5NZ1MrebmOijKj5Ctf-bUuRrN,STIFF UNILATERAL COM PESO.MOV,ok
ex_093,Elevação de panturrilha no chão,1HsIFAItpWDwOEpdM8MLF6WFYza4iPydF,ELEVACAO DE PANTURRILHA NO CHAO.MOV,ok
ex_094,Elevação unilateral de panturrilha,1HHiWU6jfiXctCKvYO0WjRqMELAzUvVUI,ELEVACAO UNILATERAL DE PANTURRILHA .MOV,ok
ex_095,Elevação de panturrilha com halteres,1HsIFAItpWDwOEpdM8MLF6WFYza4iPydF,ELEVACAO DE PANTURRILHA NO CHAO.MOV,ok
ex_097,Panturrilha sentado na máquina,1THsiEfutqRmeWhiW50WBQD481g_q-kzr,PANTURILHA SENTADA NA MAQUINA.MOV,ok
ex_098,Panturrilha no leg press 45,1fx99yzQ83Sn86nwf5ahUk4VLPPRk3Lmd,PANTURRILHA NO LEG PRESS 45.MOV,ok
ex_099,Corrida no lugar em ponta dos pés,1-L7uqo6_AjAITZyfYAVRc5DaXCzi9pYS,ELEVACAODEJOELHOS.MOV,ok
ex_100,Panturrilha no step com pausa isométrica,10H8i2RvPOlZ0tYVAU7YnLmIiYw3tQORu,PANTURRILHA NO STEP PAUSA ISO.MOV,ok
ex_101,Panturrilha no Leg Press,1wdp3r15JacRmg_Rd61R90DxYfLApW3YY,PANTURRILHA NO LEG PRESS.MOV,ok
ex_102,Elevação de panturrilha no Smith,1TP8JlAmdlRdHJnmzDULHZCTqx9maBQgN,PANTURRILHA NO SMITH .MOV,ok
ex_103,Pular corda,1yWUccxuKLNtL_XcoWsnsvmV3YMny0qth,PULAR CORDA.MOV,ok
ex_104,Corrida em inclinação (esteira inclinada),1jaQf3slyG0siP-HuQtET_1t9r0LqrVSY,CORRIDA EM INCLINACAO .MOV,ok
ex_105,Abdominal tradicional,1B9jF2-2sNmwyQL4kQaztTEfF3oZUuHGB,ABDOMINAL TRADICIONAL.MOV,ok
ex_106,Abdominal bicicleta,1OvX334GvSAfa-hD08AeVxLSjvRVsQqEL,ABDOMINAL BICICLETA .MOV,ok
ex_107,Prancha frontal,1CS_05AY4t6GX4Za63zWh91vbb9UUjwVr,PRANCHA FRONTAL.MOV,ok
ex_108,Prancha lateral,1oicg1X5uTgiEvd0rpgPVtibkfj-ikcVJ,PRANCHA LATERAL.MOV,ok
ex_109,Elevação de pernas deitado,1TdxZQaSmuLMcQ_VwAeoFmxXkxhIUIu_N,ELEVACAO DE PERNAS DEITADO.MOV,ok
ex_110,Prancha com miniband,1TUR2MdqVoTA1fY1K252vSe6wDFeqSOkD,PRANCHA COM ELASTICO.MOV,ok
ex_111,Abdominal com peso (halter ou kettlebell),1x4qIZVTYsfxnusipPFFmA6CTKtstrAYi,ABDOMINAL TRADICIONAL COM PESO.MOV,ok
ex_112,Russian twist com peso,14UH2-ZO6iCmQCejTZyPPgmQPx2tRLcyz,RUSSIAN TWIST.MOV,ok
ex_113,Abdominal na máquina,1OXh4SGCZ4aoLbUbAksJnMZF4Lkqim5Y0,ABDOMINAL NA MAQUINA.MOV,ok
ex_114,V-up,1qg943CWC2KmDw2pExYMsSitKnnGkAjeD,V-UP.MOV,ok
ex_115,Sit-up com bola medicinal,1b5h-7geE_4GXm40IEa9W7uQ-vdva4Zbz,ABMAT SIT UP COM MEDBALL.MOV,ok
ex_116,V-up unilateral,1A2wK26bJ29AfyFyjQJVR574nDge6h4sf,V-UP UNILATERAL.MOV,ok
ex_117,Mountain climber crossbody,1gAHlG5VlVWT4LTZzlBbpArJtDMz96aJd,CROSSBODYMONTAINCLIMBER.MOV,ok
ex_118,Prancha com toque no ombro,1j0n5CWjde7xS4z3Wjd2V0eDiVDyiaHCJ,PRANCHA TAPA NO OMBRO.MOV,ok
ex_119,Abdominal remador,1ZXsHt7iPx0MxuAlmQlLBDgf5GXx0Jsig,REMADOR.MOV,ok
ex_120,Prancha com elevação de perna,1DFcTHQtZkpx2clDJfCSLLXDlqXXnhtDS,PRANCHA COM ELEVACAO DE PERNA.MOV,ok
ex_121,Hollow hold (posição de barco),16HNV2qPvSq4D6fl-U2EUGM_mhf2w1MF_,HOLLOW HOLD.MOV,ok
ex_122,Abdomina biciletal com miniband nos pés,1I1Z6mmIoAY615QphFS0_3FT2Kfb0nwF_,ABDOMINAL BICICLETA COM MINIBAND.MOV,ok
ex_123,Abdominal L-sit,1r3IQ39dBbniR_KgvbYwbocYlNc9t3LPk,ABDOMINAL COM PESO.MOV,ok
ex_124,Prancha com elástico,1TUR2MdqVoTA1fY1K252vSe6wDFeqSOkD,PRANCHA COM ELASTICO.MOV,ok
ex_125,Sit-up com as pernas elevadas,1mbmeIa3QTEFayxEPMngUZ5x0_QxrfUkD,SIT-UP COM PERNAS ELEVADAS.MOV,ok
ex_126,Sit-up com as pernas elevadas com peso,1mbmeIa3QTEFayxEPMngUZ5x0_QxrfUkD,SIT-UP COM PERNAS ELEVADAS.MOV,ok
ex_127,Remador,158uEEM16eEUlMM5FiAuKicnd7H2rAaXK,REMADORAVANCADO.MOV,ok
ex_128,Joelho no peito na barra,169LVDWiKqfLQbLTaFbvjbLDaPL_8qdq9,JOELHO NO PEITO NA BARRA.MOV,ok
ex_129,Joelho no peito na máquina,19u3p5o8vWzNC87EAXKFrb2-vEMoCqM7G,JOELHO NO PEITO NA MAQUINA.MOV,ok
ex_130,GHD Sit-up,1kEvCxVmSVMcMjoFGEKsGtBGBqG6_NVyG,GHD SIT UP.MOV,ok
ex_131,Abdominal declinado no banco,1Qsuk9mwBuKw9ygfER_JURVWPHJotfVyW,ABDOMINAL DECLINADO NO BANCO.MOV,ok
ex_132,Abdominal declinado no banco com peso,1PxmrJXCXntn5ZE7F6BRXXEKKKFJX1W6g,ABDOMINAL DECLINADO COM PESO.MOV,ok
ex_133,Abdominal Reloginho,1ZB-J8f-l1HMvbDhVqAd76dfAIKwk8apg,ABDOMINAL RELOGINHO.MOV,ok
ex_134,Toes to Kettlebell,1D6uOdIzXzi8FEmIql5C2YPtbHtnwoEDh,TOES TO KTB.MOV,ok
ex_135,Prancha frontal,1CS_05AY4t6GX4Za63zWh91vbb9UUjwVr,PRANCHA FRONTAL.MOV,ok
ex_136,Prancha lateral,1oicg1X5uTgiEvd0rpgPVtibkfj-ikcVJ,PRANCHA LATERAL.MOV,ok
ex_137,Bird dog,1hNtiwfxJir8RlmxzJkzWobBmffu8CD-M,BIRD DOG.MOV,ok
ex_138,Dead bug,1ptyfChrE4XZKPG3Lu7ky4VNXs1AL9fVN,DEAD BUG.MOV,ok
ex_139,Hollow hold,16HNV2qPvSq4D6fl-U2EUGM_mhf2w1MF_,HOLLOW HOLD.MOV,ok
ex_140,Prancha com miniband,1TUR2MdqVoTA1fY1K252vSe6wDFeqSOkD,PRANCHA COM ELASTICO.MOV,ok
ex_141,Rollout com roda abdominal,10h4q3JC8KBE9d8Oa7l6yLAujcyx8-oYh,IMG_8934 - cópia.MOV,ok
ex_142,Anti-rotação com elástico,111kKRxzvTdhbxn2Sd8t7ODaVJSMBWYbC,ANTI ROTACAO COM ELASTICO.MOV,ok
ex_143,Cable anti-rotação (Pallof Press),1m5d8yn7aquUv-iFjaCos0_OB96W8obLh,PALOFF PRESS.MOV,ok
ex_144,Woodchopper no cross,1feJlpaSQAGh-EYRnbHmt7662X0eJM6YS,WOODCHOPPER NO CROSS.MOV,ok
ex_145,Knee raise pendurado,169LVDWiKqfLQbLTaFbvjbLDaPL_8qdq9,JOELHO NO PEITO NA BARRA.MOV,ok
ex_146,Farmer's carry unilateral,1_6BclsPmfsy859A18LJmh66pYQG2Um88,FARMRS CARRY UNILATERAL.MOV,ok
ex_147,Prancha com elevação alternada de pernas,1DFcTHQtZkpx2clDJfCSLLXDlqXXnhtDS,PRANCHA COM ELEVACAO DE PERNA.MOV,ok
ex_148,Prancha com toque nos ombros,1j0n5CWjde7xS4z3Wjd2V0eDiVDyiaHCJ,PRANCHA TAPA NO OMBRO.MOV,ok
ex_149,Dead bug com miniband,1yb298x3nevVmh1CypH0mOZa0yzb6W0Bh,DEAD BUG COM MINI BAND.MOV,ok
ex_151,Pike push-up,1lOlRWkWQ_K3ocvyRm1Qt8GZ8woUoPbah,PIKE PUSH UP.MOV,ok
ex_152,Prancha com toque de ombro,1j0n5CWjde7xS4z3Wjd2V0eDiVDyiaHCJ,PRANCHA TAPA NO OMBRO.MOV,ok
ex_153,Elevação lateral com halteres,1PGb-z1IkQRuz5jRTwsmBtJVa4sg77OTW,ELEVACAO LATERAL .MOV,ok
ex_154,Desenvolvimento com halteres,1W8fqLDNj_IzOKJ7j1iTzssz2mtJXz0Rc,DESENVOLVIMENTO.MOV,ok
ex_155,Remada alta com elástico,1s_A8UtCwqHyO5oxjrH3DOgweBnT88yNP,REMADA ALTA COM ELASTICO.MOV,ok
ex_156,Desenvolvimento com barra,1EutL64e2CVDEC2rrhLyW_PyBRg2myUON,DESENVOLVIMENTO COM BARRA.MOV,ok
ex_157,Elevação frontal com halteres,1FJ9ILVovC0NGxWwbCEFfyvgmV0UEwWYJ,ELEVACAO FRONTAL.MOV,ok
ex_158,Crucifixo invertido no peck deck,13WUMjArnUIzec2r9DI21Zf1V63_Fk8lH,CRUCIFIXO INVERTIDO NO PECK DECK.MOV,ok
ex_159,Arnold press,1sGySICRhtrWUF0qRzW0J0h6WrIE5mfd8,ARNOLD PRESS.MOV,ok
ex_160,Push press com barra,1wxIVn1_Ns3y1x00IqhHU0QUCswqSxn2Q,PUSH PRESS.MOV,ok
ex_161,Prancha pike walk,1W-jV4vSo9K3usLQLlZpRxz10CkvrL42F,PRANCHA PIKE WALK.MOV,ok
ex_162,Prancha com giro de tronco,1YLfQMGKnTVSiDbfF2JH6KVtfgq1bDcqa,PRANCHA COM GIRO DE TRONCO.MOV,ok
ex_163,Toque alternado em parede na prancha,1ZL13u9YvBbX_E76g1-RJ0PQ_p_TTHeW7,PRANCHA COM TOQUE ALTERNADO NA PAREDE.MOV,ok
ex_164,Desenvolvimento com elástico,1XNPQUQT_LygQB4YZ4BZDN42xM_nZW1dt,DESENVOLVIMENTO COM ELASTICO.MOV,ok
ex_165,Elevação lateral com miniband,1PXr-o4a_hqn-rUgAzSeYNkrrYpd82VnA,ELEVACAO LATERAL COM ELASTICO.MOV,ok
ex_166,Face pull com elástico,1awkg3XucUEKb25QTBCRsCN2PPbqg-S4x,FACE PULL COM ELASTICO.MOV,ok
ex_167,Desenvolvimento no Smith,1wFCpW63JWA4RJ52RTxI2WhYMQ5MFcu3L,DESENVOLVIMENTO NO SMITH.MOV,ok
ex_168,Elevação lateral na polia,1lArcgcXfhoTiQ9SGlbk1-cqL3O2_U3T-,ELEVACAO LATERAL NA POLIA.MOV,ok
ex_169,Face pull no cross,1HXfoke5tq2fe5uK1J7Bx0-tWkrM3YT2m,FACE PULL NO CROSS.MOV,ok
ex_170,Elevação frontal com anilha,1HXfoke5tq2fe5uK1J7Bx0-tWkrM3YT2m,FACE PULL NO CROSS.MOV,ok
ex_171,Remada alta com barra,1ynq69ZzAOOq2HcVUOM4Mdqala3F61Wmv,REMADA ALTA COM BARRA.MOV,ok
ex_172,Press militar com barra,1zXdMCx0qywFnS1zfouWAcS1Px4p0SLzl,PRESS MILITAR CO BARRA.MOV,ok
ex_173,Elevação frontal/ lateral com halteres,17OCxRtLLxbwCex_JPiqtMMf4NQ_c11d5,ELEVACAO FRONTAL:LATERAL.MOV,ok
ex_174,Flexão de braço tradicional,1DhP1javyheVn45qnYbzhF3kKW4IgnM2z,FLEXAO DE BRACO TRADICINAL.mov,ok
ex_175,Flexão de braço com pegada aberta,1nrICUnm9VI8Ue7shCtRKeW6yumf4BZD3,FLEXAO DE BRACO PEGADA ABERTA.MOV,ok
ex_176,Flexão declinada (pés elevados),1TTAMeie9jmVnFlbTUjCIZ_GnLzM9w_TH,FLEXAO DECLINADA.MOV,ok
ex_177,Supino com halteres no chão,1dTF1cTVm6Go15SpiLvMo9B7nDB4zthti,SUPINO COM HALTERES NO CHAO.MOV,ok
ex_178,Flexão com elástico de resistência,1xbxQbSHNNvJrXrhzh1C00RyGc47OIuHY,FLEXAO COM BAND.MOV,ok
ex_179,Crucifixo com halteres deitado,1Jut9-e_0Jv4kIRco0TvrBmqAxzrjTkZE,,erro: HTTP 404 (arquivo não existe mais)
ex_180,Supino reto com barra,1N2FhbaBSRhW3Vp7B6xqalXPcMqJQuzrf,SUPINO RETO COM BARRA.MOV,ok
ex_181,Supino inclinado com barra,12e6o2WbAin4bSLR2rNxpmxWz1ZIxtTpf,SUPINO INCLINADO.MOV,ok
ex_182,Crossover no cross,1BwfAZ66D9spY2RhLZDi86V7sfxrrAFj7,CROSSOVER NA POLIA.MOV,ok
ex_183,Crucifixo no peck deck,1Mqv_Lm6oDZQtUaqkfznVLCQjLBthlBgk,CRUCIFIXO NO PEC DECK.MOV,ok
ex_184,Supino declinado com barra,17EgXR_I0-CNHCoVgsqNeZzaHmYr8cdOL,SUPINO DECLINADO COM BARRA.MOV,ok
ex_185,Push-up explosivo com palmas,1VxsWgyVGGyIDJUOBPUeX5KJF5zbyXw5U,PUSH UP EXPLOSIVO COM PALMAS.MOV,ok
ex_186,Burpee com push-up,1M0-vOosM3EpvZj0DYE1V939IAwIwDDe9,BURPEE COM PUSH UP.MOV,ok
ex_187,Flexão diamante,1gj6ULMGT2oHOgU710UKIkqVJGt3kQEWi,FLEXAO DIAMANTE.MOV,ok
ex_188,Flexão isométrica (segurando embaixo),14qu54NA7uF7Qcv5e2p_GnaUjoz8WmMct,FLEXAO ISOMETRICA.MOV,ok
ex_189,Flexão com apoio de halteres,1Y_h9xxUWg78Qe0vEHKQ_WempA05IwgoG,FLEXAO COM APOIO DE HALTERES.MOV,ok
ex_190,Supino inclinado com halteres,1D4iB5s3iGjI9vMlH3bhz9QB00WHG8b9_,SUPINO INCLINADO COM HALTERES.MOV,ok
ex_191,Supino declinado com barra,17EgXR_I0-CNHCoVgsqNeZzaHmYr8cdOL,SUPINO DECLINADO COM BARRA.MOV,ok
ex_192,Cross over na polia alta,1-RRA4N02yCQHev_GdYUNtZyPUzYHrDib,CROSSOVER NA POLIA ALTA.MOV,ok
ex_193,Flexão com pés elevados e mãos sobre halteres,1NZSIe-nKC6AgXP46hjKLHIh_jIPfq3BF,FLEXAO COM PES ELEVADOS E APOIO DE HALTERES.MOV,ok
ex_194,Flexão de braço com pegada fechada,1FaGLUxpPAvmY1zKZ2RxWx5yAz8Sx9J-u,FLEXAO COM PEGADA FECHADA.MOV,ok
ex_195,Rosca direta com halteres,1zHUEBQTvXTkk1vydlaWRlNiA1AsAqMI2,ROSCA DIRETA COM HALTERES.MOV,ok
ex_196,Rosca alternada com halteres,1bodzOeFKUZymZQkPrlMwVwVPaIyHPt-a,ROSCA ALTERNADA COM HALTERES.MOV,ok
ex_197,Rosca martelo com halteres,1l5YSJ1l6sXhJIsEOTEXD_h6pgId60MJw,ROSCA MARTELO.MOV,ok
ex_198,Rosca com elástico,1kmxCaUkIRqXbk03ZcUdnIt0F82pipBoq,ROSCA COM ELASTICO.MOV,ok
ex_199,Rosca direta com barra,1CiEFBIIZnDQNg_HBSaRtfdIx7dSDck5D,ROSCA DIRETA COM BARRA.MOV,ok
ex_200,ROSCA SCOTT COM BARRA W,1rcDeL3jaDGsEcCCyEjISitg5TP6_hllt,ROSCA SCOTT COM BARRA W.MOV,ok
ex_201,Rosca concentrada,1p33oOdPdCNAosV0cuGQOPOKvgHH9BL8S,ROSCA CONCENTRADA.MOV,ok
ex_202,Rosca inversa,1sP7ch5otSkq2klxul7vGOJ_m_Yjr_-9r,ROSCA INVERTIDA.MOV,ok
ex_203,Chin-up (barra com pegada supinada),1ikriIMynWsbI6HMXmUZEwGS3afq4BdMY,CHIN UP.MOV,ok
ex_204,Body row com pegada fechada,1enZ1N4kuV1WsCNG7PBWalGWr3srz5xA8,BODY ROW COM PEGADA FECHADA.MOV,ok
ex_205,Flexão australiana em mesa baixa,10ZyMaJ872VDU2vUOViQVMJ481aJ8R5L-,FLEXAO AUSTRALIANA.MOV,ok
ex_206,Rosca 21 com halteres,1VOCe3X-6m75wvRbzLaVfftvBaamgqxOn,ROSCA 21 COM HALTERES.MOV,ok
ex_207,Rosca martelo alternada com halteres,1gSQEY8noJCdWgomeMV0dmNP3VyOlFEDE,ROSCA MARTELO ALTERNADA COM HALTERES.MOV,ok
ex_208,Rosca unilateral na polia baixa,15qKdNqV87LUkGGj_ZDPb33wU_l5efW4J,ROSCA UNILATERAL NA POLIA BAIXA.MOV,ok
ex_209,Rosca corda na polia baixa,1AJTvYZOVj0jYIBsW4TGR9AbUF1gzxr3o,ROSCA CORDA NA POLIA'.MOV,ok
ex_210,Rosca martelo na polia com corda,1RqKHZ2z5aMlv1aDUMGn_iVSPekQDnyQD,ROSCA MARTELO NA POLIA COM CORDA.MOV,ok
ex_211,Rosca martelo alternada com isometria,1-xUBInuMaEFOpQQ-7QYA6XePCQfX1hd_,ROSCA MARTELO ALTERNADA COM ISOMETRIA.MOV,ok
ex_212,Rosca Zottman com halteres,1A0QyRp1AdgybkrsUO2iihCyS7qYH7R76,ROSCA ZOTTMAN COM HALTERES.MOV,ok
ex_213,Rosca 21 na barra W,1PzcK_9pXmvodblGzN42KWjwod1o-Lvex,ROSCA 21 NA BARRA W.MOV,ok
ex_214,Rosca spider com halteres,1hwii4G6KYTN8_GU7H0nD9Vs_5LPwL5Bb,ROSCA SPIDER COM HALTERES.MOV,ok
ex_215,Rosca na polia com barra reta (pegada supinada),1hwii4G6KYTN8_GU7H0nD9Vs_5LPwL5Bb,ROSCA SPIDER COM HALTERES.MOV,ok
ex_216,Flexão de braço com pegada fechada,1FaGLUxpPAvmY1zKZ2RxWx5yAz8Sx9J-u,FLEXAO COM PEGADA FECHADA.MOV,ok
ex_217,Tríceps testa com halteres,1F-dExA0Ti4XoQPl7XysY8-3fIANWoqLM,TRICEPS TESTA COM HALTER.MOV,ok
ex_218,Tríceps francês com halteres,1ppN9t28peigdjmVtJEHX1e02XIItAeL1,TRICEPS FRANCES COM HALTER.mov,ok
ex_219,Extensão de tríceps com elástico,1mgTDKQo4igzIzYl-81CHb7r61DfU-cAq,EXTENSAO DE TRICEPS COM ELASTICO.MOV,ok
ex_220,Tríceps corda na polia,1SNESgRtM4phL2VpfjjdV0TeTGF9RUpgB,TRICEPS CORDA NA POLIA.MOV,ok
ex_221,Tríceps testa com barra,1wQy7YvjFdQ548nvinG4e-qctHP48Gzm5,TRICEPS TESTA COM BARRA.MOV,ok
ex_222,Tríceps coice com halteres,1timAFaF7jYhwSpEC7IoO9HiCuoYfrH2G,TRICEPS COICE COM HALTER.MOV,ok
ex_223,Tríceps na barra paralela (Graviton),1NeB6gxqIRurRt63TpLCfsYSjR_jCX2xa,TRICEPS BARRA PARALELA NO GRAVITON.MOV,ok
ex_224,Flexão declinada com pegada estreita,1vuH1CvwpWVZ9AQxEKfvzwLfs85_WHoZs,FLEXAO DECLINADA.MOV,ok
ex_225,Extensão de tríceps apoiado na parede,1EgYy8esW6LLWD6DtobTOchBhKPt1mv4u,EXTENSAO DE TRICEPS APOIADO NA PAREDE.MOV,ok
ex_226,Extensão de tríceps com elástico (acima da cabeça),1q13SR_g8xto0bmydR85jQfxFRckn--9W,EXTENSAO DE TRICEPS ACIMA DA CABECA .MOV,ok
ex_227,Tríceps corda WRISTS,1iQEGXoIWND-dXLvOf4-RlFtWKNJluEzz,TRICEPS CORDA WRISTS.MOV,ok
ex_228,Tríceps testa com barra W,1dbxVDlZOuQlM7p0AqnIfJSw2h8vHn18V,TRICEPS TESTA COM BARRA W.MOV,ok
ex_229,Tríceps francês unilateral com halteres sentado,1U0qKvofUegQN3wEy-4Gy0z0KkUy4qGOh,TRICEPS FRANCES UNILATERAL COM HALTERES.MOV,ok
ex_230,Tríceps banco,1TXtIhtYXYRsnDp7WNeJQm1XcKSIA9dQM,TRICEPS NO BANCO DIPS.MOV,ok
ex_231,Kickback com elástico,1vS-L6-moy0fDuNK4MVicBh3OZfmhECqX,KICK BACK COM ELASTICO.MOV,ok
ex_232,Tríceps coice com elástico unilateral,15f8rdVPKCrop-DEcivI7kaStOQscF_hg,TRICEPS COICE COM ELASTICO.MOV,ok
ex_233,Tríceps testa com halteres alternado,1Sd99lnl7xvr-dpdXT92cL1GVBM7kcL12,TRICEPS TESTA COM HALTERES ALTERNADO.MOV,ok
ex_234,Extensão de tríceps na polia alta com barra reta,1Q0bik8xeZZlbbRTAlirjKCAN36V_CQAA,EXTENSAO DE TRICEPS NA POLIA ALTA BARRA RETA.MOV,ok
ex_235,Superman,18kV8NHcUN7XOVSykFH1pOvxsycs2U_gr,SUPERMAN.MOV,ok
ex_236,Bird dog,18kV8NHcUN7XOVSykFH1pOvxsycs2U_gr,SUPERMAN.MOV,ok
ex_237,Good morning com peso corporal,1gLh92WMRiXARuYRZrMtHmEWmkIH4f64W,GOOD MORNING.MOV,ok
ex_238,Remada curvada com halteres,1TIMnnF5eyxATKR2x70cg4FhkBDom8N0v,REMADA CURVADA COM HALTERES.MOV,ok
ex_239,Remada unilateral com halteres,1gEIrrwZN9tzNW25HEwozyvVdCLzRzBf-,REMADA UNILATERAL COM HALTERES.MOV,ok
ex_240,Pull apart com elástico,19NtPc4W8vIR2cUTAwRDwmXyLmJCObALk,PULL APART COM ELASTICO.MOV,ok
ex_241,Puxada frontal aberta,1I4mEQUjJMSBMV6YxUT973IVL5A3fhhP5,PUXADA NA FRENTE PULLDOWN .MOV,ok
ex_242,Remada baixa na máquina,16NGF02K_L7rsWeDkYFS-abiUUlISQy9T,REMADA BAIXA NA MAQUINA.MOV,ok
ex_243,Pulldown com triângulo,13Pg5i9TK4_anFFSJxnAIKVmR6jZYhUcl,PULLDOWN COM TRIANGULO .MOV,ok
ex_244,Remada cavalinho na maquina pegada aberta,1GgKjCuC6NhkOfmAPC3InIkMD3r2e-1Wz,REMADA CAVALINHO MAQUINA.MOV,ok
ex_245,Deadlift (levantamento terra),1c2KTEP3Z0vGA0wi9T0_6wbu0Gm76B2yS,DEADLIFT TRADICIONAL BARRA.MOV,ok
ex_246,Barra fixa pronada (pull-up),1p4eD1tzkr9DduA06m41UaBg39ZKq7B1D,BARRA FIXA PULL UP.MOV,ok
ex_247,Body row com pegada aberta,1IxJkZP10IhYyvp3IdW_dcoNw6hqLl4sp,BODY ROW COM PEGADA ABERTA.mov,ok
ex_248,Kipping pull-up,1-A3BC-0HtehBvYQ0RUJ3PWOXatenuOxR,KIPPING PULL UP.MOV,ok
ex_249,Prancha com puxada unilateral com elastcio,1bsknRJN4J3ulcJ0sG_xa-lUKB8lkh6GG,PRANCHA COM PUXADA UNILATERAL.MOV,ok
ex_250,Y-W-T Raise no chão,1stKZ5Fhfbjra5VBjReP2X3qL6ckEv6mk,YTW RAISE.MOV,ok
ex_251,Remada com elástico (pegada fechada),1stKZ5Fhfbjra5VBjReP2X3qL6ckEv6mk,YTW RAISE.MOV,ok
ex_252,Pulldown com elástico fixado em cima,1ixdqLkk-AHr5kHGo9YYfTMRa6znWVpnY,PULLDOWN COM ELASTICO.MOV,ok
ex_253,Remada unilateral na maquina,1oLuzfIYMjsZrfJFtAdH1-_i8kkge2qjm,REMADA UNILATERAL NA MAQUINA .MOV,ok
ex_254,Crucifixo inverso no banco inclinado,1LTreOaPEQPLjzugGkbIa32Qb0wyllduW,CRUCIFIXO INVERTIDO NO BANCO INCLINADO.MOV,ok
ex_255,Face Pull com elástico,1zv-0cwtzTCijJmM_pU_TdhZO9WchbFnY,FACE PULL COM ELASTICO.MOV,ok
ex_256,Pullover com halteres,1-oVsv53EVWb1n5g0mU8zk2Q8_ZUuv6O8,PULLOVER COM HALTERES.MOV,ok
ex_257,Pullover no cross ou na máquina,1YzOf_DhqnitZUeDyZpVrL26yTVJKpnJY,PULLOVER NO CROSS.MOV,ok
ex_258,Remada cavalinho (T-Bar Row),1US60qFabqohCLE0t0H1FPkP8j6RboGAs,REMADA CAVALINHO T-BAR.MOV,ok
ex_259,Back Extension 45° (Roman Chair),1Am4odFasU6LyU70rOeefxuy2U55TPIKS,BACK EXENSION.MOV,ok
ex_260,Remada cavalinho na maquina pegada neutra,1Vb8ur3fkOEJzBbLEDgU2mjUFTuruOw5j,REMADA CAVALINHO NA MAQUINA PEGADA FECHADA.MOV,ok
ex_261,Pull Up (Graviton),1asgsuNOyehtxLlJ-OHw4T7esD51U5Ch6,PULL UP NO GRAVITON.MOV,ok
ex_262,Remada baixa aberta pronada,1GUP9xv99staKFPnIEuAFltiaPmjvaoSx,REMADA BAIXA ABERTA PRONADA.MOV,ok
ex_263,Remada no TRX,1hFBQKEd1dV9v_N6fZhbnQIEcKa0KNgId,REMADA NO TRX.MOV,ok
ex_264,Polichinelo,1_sRfFYnPN3AaPhfl-GzEE_q5u1a7S6JV,POLICHINELO.MOV,ok
ex_265,Burpee,1p0B4GsxOCqnYSITbjBi91JrW16R1nzV5,BURPEE.MOV,ok
ex_266,Mountain climber,1rFNlnn5LlD-mmh2-oNmt904477T0PTSy,MONTAINCLIMBER.MOV,ok
ex_267,Pular corda,1yWUccxuKLNtL_XcoWsnsvmV3YMny0qth,PULAR CORDA.MOV,ok
ex_268,Esteira (corrida),1x-lBvNu-T1DEqGEgMuzPpNrLfYWzxT0_,CORRIDANAESTEIRA.MOV,ok
ex_269,Bicicleta ergométrica,16htUUQ_5JfNNgrg4mtiop1FvvNM_i57X,BICICLETAERGOMETRICA.MOV,ok
ex_270,Elíptico,1rwoijZQOOpsCU7JvcJbkppBlZ4RDbp1e,ELIPTICO.MOV,ok
ex_271,Treino intervalado na escada,1rwoijZQOOpsCU7JvcJbkppBlZ4RDbp1e,ELIPTICO.MOV,ok
ex_276,Corrida estacionária com calcanhar no glúteo,1SH0IE0fTkvNImzuWcILSrOrdMH9UnZhT,CORRIDAESTACIONARIACOMCALCANHARNOGLUTEO.MOV,ok
ex_277,Salto de corda simples,1ru412V_C29DoehB7Td6AtAxEsCW5-X_l,SALTO CORDA.MOV,ok
ex_278,Remada em máquina (Row),11CeYfv61vnfr7GaZ53mpW0kAFgsO5nqT,REMADAEMMAQUINAROW.MOV,ok
ex_279,Skaters (saltos laterais),1ICy7eKqSHyNySHvYA90G1eK15oNu2ucW,SKATERS.MOV,ok
ex_280,Jumping lunge (afundo com salto),1zGi_PN-CZvIhnhOIo1y_ihJswuG-6DRL,AFUNDOCOMSALTO.MOV,ok
ex_281,Sprints na esteira,1yhO9uh6OdIOQjwZM_YmuqOWtAQxV2ExI,SPRINTSNAESTEIRA.MOV,ok
ex_282,Subida e descida no step rápido,11usiRuEU16e5VYg9v9Lxp4GDZY8PhPKU,SUBIDAEDESCIDARAPIDANOSTEP.MOV,ok
ex_283,Box Jump,1CpTn2yBPAZk7RAF8mPR1JlddFm4zVpw-,BOX JUMP.MOV,ok
ex_284,Box Jump Over,1J4MU1MMjKLv48w-TE_34Elhcv4OaUIxG,BOX JUMP OVER.MOV,ok
ex_285,Wall Ball,1CpTn2yBPAZk7RAF8mPR1JlddFm4zVpw-,BOX JUMP.MOV,ok
ex_286,Corrida lateral com toques no chão,1BHlqrwQyf_BmBbmbDqXNHbOywJPCfoaD,CORRIDA LATERAL COM TOQUE NO CHAO.MOV,ok
ex_287,High knees (elevação rápida dos joelhos),1-L7uqo6_AjAITZyfYAVRc5DaXCzi9pYS,ELEVACAODEJOELHOS.MOV,ok
ex_288,Escalador crossbody,1gAHlG5VlVWT4LTZzlBbpArJtDMz96aJd,CROSSBODYMONTAINCLIMBER.MOV,ok
ex_289,Thruster com elastico,1saO25oyU58BOEkJ8HMdICI9G76X_1Grl,TRHUSTER COM ELASTICO.MOV,ok
ex_290,Bear crawl (deslocamento em 4 apoios),1j_VfntZ3H0UZ3PBLcleZWghJYxRAI1NT,BEARCRAWL.MOV,ok
ex_291,Kettlebell swing (ou com halter),1vxBahjJxuh8_nKjAQa8FVmJELu-U8QXF,KETTLEBELL SWING.MOV,ok
ex_292,Polichinelo com agachamento,1lieSkCxnQYxeJB1y7DINrpcs4_Rx_p_0,POLICHINELOCOMAGACHAMENTO.MOV,ok
ex_293,Polichinelo com toque no chão,193dtnJtAgqRWNNYxzePvrMh18gV1F1kN,POLICHINELOCOMTOQUENOCHAO.MOV,ok
ex_294,Polichinelo cruzado,10ZxMYZ-ZII69G25JIYrdGufYzgGR6LFm,POLICHINELOCRUZADO.MOV,ok
ex_295,Polichinelo frontal,1wHeSX4HIYmvFBac0k2DU6xxY8BRhRajB,POLICHINELOFRONTAL.MOV,ok
ex_296,Passos de pato,1o54y14PN2xBZR00bIMlVcWrCBBLiQUOi,PASSODEPATO.MOV,ok
ex_297,Passos de caranguejo,1J14a7tk5kIv74HDukc20N-5D_JKPsG_r,PASSODECARANGUEIJO.MOV,ok
ex_298,Passos de jacaré,1bO1X4LSihdJSOIqyhssXcIeAcWAdrxEZ,PASSODEJACARE.MOV,ok
ex_299,Salto de sapo,10g7HMxqElUFn-ekw1E3HanjlzgHWKlRg,SALTODESAPO.MOV,ok
