exercise_id,name_ptbr,arquivo_original_drive,r2_file
ex_003,"Agachamento sumô isométrico","AGACHAMENTOSUMOISO.mov","AGACHAMENTOSUMOISO_1_2.mp4"
ex_004,"Agachamento com halteres","AGACHAMENTO COM HALTERES.MOV","AGACHAMENTO COM HALTERES_2.mp4"
ex_005,"lunge Passada com halteres","PASSADACOMHALTERES.MOV","PASSADACOMHALTERES_1_2.mp4"
ex_006,"Agachamento frontal com kettlebell","AGACHAMENTOFRONTALCOMKETTUBEL.MOV","AGACHAMENTOFRONTALCOMKETTUBEL_1_2.mp4"
ex_008,"Cadeira extensora","CADEIRAEXTENSORA.MOV","CADEIRAEXTENSORA_1_2.mp4"
ex_009,"Agachamento no smith","AGACHAMENTONOSMITH.MOV","AGACHAMENTONOSMITH_1_2.mp4"
ex_010,"Agachamento frontal com barra","AGACHAMENTOFRONTALCOMBARRA.MOV","AGACHAMENTOFRONTALCOMBARRA_1_2.mp4"
ex_011,"Avanço com barra","AVANCOCOMBARRA.MOV","AVANCOCOMBARRA_1_2.mp4"
ex_012,"Thruster (agachamento com push press)","THRUSTHER.MOV","THRUSTHER_1_2.mp4"
ex_014,"Front squat com barra olímpica","FRONT SQUAT BARRA.MOV","FRONT SQUAT BARRA_2.mp4"
ex_016,"Agachamento búlgaro com halteres","BULGAROCOMDUMBEL.MOV","BULGAROCOMDUMBEL_2.mp4"
ex_017,"Agachamento búlgaro com barra","BULGAROCOMBARRA.MOV","BULGAROCOMBARRA_2.mp4"
ex_019,"Cossack squat","COSSACKSQUAT.MOV","COSSACKSQUAT_1_2.mp4"
ex_020,"Agachamento búlgaro","BULGAROSEMCARGA.MOV","BULGAROSEMCARGA_2.mp4"
ex_021,"Agachamento com salto (Jump Squat)","AGACHAMENTOCOMSALTO.MOV","AGACHAMENTOCOMSALTO_1_2.mp4"
ex_022,"Wall Sit (agachamento isométrico na parede)","AGACHAMENTOISIOMETRICONAPAREDE.MOV","AGACHAMENTOISIOMETRICONAPAREDE_1_2.mp4"
ex_023,"Step-up no degrau","STEP UP NO DEGRAU.MOV","STEP UP NO DEGRAU_2.mp4"
ex_024,"lunge Passada","LUNGE PASSADA.MOV","LUNGE PASSADA_2.mp4"
ex_027,"Cadeira extensora unilateral","CADEIRAEXTENSORAUNILATERAL.MOV","CADEIRAEXTENSORAUNILATERAL_1_2.mp4"
ex_029,"Hack Squat","HACK SQUAT.MOV","HACK SQUAT_2.mp4"
ex_030,"Agachamento frontal com halteres","AGACHAMENTOFRONTALDUMBEL.MOV","AGACHAMENTOFRONTALDUMBEL_1_2.mp4"
ex_032,"Passada lateral em posição de agachamento","AGACHAMENTOCOMDESLOCAMENTOLATERALDEPE.MOV","AGACHAMENTOCOMDESLOCAMENTOLATERALDEPE_1_2.mp4"
ex_034,"Box Squat (peso corporal)","BOX SQUAT.MOV","BOX SQUAT_2.mp4"
ex_035,"Box Squat com halteres","BOX SQUAT HALTERES.MOV","BOX SQUAT HALTERES_2.mp4"
ex_036,"Box Squat com barra","BOX SQUAT BARRA.MOV","BOX SQUAT BARRA_2.mp4"
ex_037,"Box Squat com elástico","BOX SQUAT ELASTICO.MOV","BOX SQUAT ELASTICO_2.mp4"
ex_038,"Box Squat Unilateral (peso corporal)","BOX SQUAT UNILATERAL.MOV","BOX SQUAT UNILATERAL_2.mp4"
ex_040,"Passada lateral em posição de agachamento com mini band","PASSADALATERALEMPOSICAODEAGACOMELASTICO.MOV","PASSADALATERALEMPOSICAODEAGACOMELASTICO_1_2.mp4"
ex_041,"Thruster com barra","THRUSTERCOMBARRAOLIMPICA.MOV","THRUSTERCOMBARRAOLIMPICA_1_2.mp4"
ex_042,"Agachamento unilateral","AGACHAMENTOUNILATERAL.MOV","AGACHAMENTOUNILATERAL_2.mp4"
ex_043,"Jump Lunge","JUMP LUNGE.MOV","JUMP LUNGE_2.mp4"
ex_044,"Ponte de glúteos","PONTE DE GUTEOS.MOV","PONTE DE GUTEOS_2.mp4"
ex_047,"Abdução de quadril deitada com mini band","ABDUCAO DE QUADRIL DEITADA .MOV","ABDUCAO DE QUADRIL DEITADA-_1.mp4"
ex_049,"Cadeira abdutora","CADEIRA ABDUTORA.MOV","CADEIRA ABDUTORA_2.mp4"
ex_052,"Levantamento terra","DEADLIFT.MOV","DEADLIFT_2.mp4"
ex_057,"Agachamento búlgaro com o tronco projetado à frente com halteres","AGACHAMENTOBULGAROCOMCORPOINCLINDADOCOMCARGA.MOV","AGACHAMENTOBULGAROCOMCORPOINCLINDADOCOMCARGA_2.mp4"
ex_059,"Agachamento búlgaro com o tronco projetado à frente","AGACHAMENTOBULGAROCOMTRONCOINLINADO.MOV","AGACHAMENTOBULGAROCOMTRONCOINLINADO_2.mp4"
ex_064,"Extensão de quadril no cross","EXTENSAO DE QUADRIL NO CROSS.MOV","EXTENSAO DE QUADRIL NO CROSS_2.mp4"
ex_076,"Leg curl com bola suíça","LEG CURL COM BOLA SUICA .MOV","LEG CURL COM BOLA SUICA-_1.mp4"
ex_077,"Good morning com elastico","GOOD MORNING COM ELASTICO.MOV","GOOD MORNING COM ELASTICO_2.mp4"
ex_084,"Avanço reverso (peso corporal)","AVANCO REVERSO.MOV","AVANCO REVERSO_2.mp4"
ex_088,"Cadeira flexora unilateral","CADEIRA FLEXORA UNILATERAL.MOV","CADEIRA FLEXORA UNILATERAL_2.mp4"
ex_091,"Stiff unilateral com peso corporal","STIFF UNILATERAL .MOV","STIFF UNILATERAL-_1.mp4"
ex_092,"Stiff unilateral com halteres","STIFF UNILATERAL COM PESO.MOV","STIFF UNILATERAL COM PESO_2.mp4"
ex_094,"Elevação unilateral de panturrilha","ELEVACAO UNILATERAL DE PANTURRILHA .MOV","ELEVACAO UNILATERAL DE PANTURRILHA-_1.mp4"
ex_097,"Panturrilha sentado na máquina","PANTURILHA SENTADA NA MAQUINA.MOV","PANTURILHA SENTADA NA MAQUINA_2.mp4"
ex_100,"Panturrilha no step com pausa isométrica","PANTURRILHA NO STEP PAUSA ISO.MOV","PANTURRILHA NO STEP PAUSA ISO_2.mp4"
ex_102,"Elevação de panturrilha no Smith","PANTURRILHA NO SMITH .MOV","PANTURRILHA NO SMITH-_1.mp4"
ex_104,"Corrida em inclinação (esteira inclinada)","CORRIDA EM INCLINACAO .MOV","CORRIDA EM INCLINACAO-_1.mp4"
ex_105,"Abdominal tradicional","ABDOMINAL TRADICIONAL.MOV","ABDOMINAL TRADICIONAL_2.mp4"
ex_106,"Abdominal bicicleta","ABDOMINAL BICICLETA .MOV","ABDOMINAL BICICLETA-_1.mp4"
ex_109,"Elevação de pernas deitado","ELEVACAO DE PERNAS DEITADO.MOV","ELEVACAO DE PERNAS DEITADO_2.mp4"
ex_111,"Abdominal com peso (halter ou kettlebell)","ABDOMINAL TRADICIONAL COM PESO.MOV","ABDOMINAL TRADICIONAL COM PESO_2.mp4"
ex_112,"Russian twist com peso","RUSSIAN TWIST.MOV","RUSSIAN TWIST_2.mp4"
ex_114,"V-up","V-UP.MOV","V-UP_2.mp4"
ex_115,"Sit-up com bola medicinal","ABMAT SIT UP COM MEDBALL.MOV","ABMAT SIT UP COM MEDBALL_2.mp4"
ex_116,"V-up unilateral","V-UP UNILATERAL.MOV","V-UP UNILATERAL_2.mp4"
ex_119,"Abdominal remador","REMADOR.MOV","REMADOR_2.mp4"
ex_122,"Abdomina biciletal com miniband nos pés","ABDOMINAL BICICLETA COM MINIBAND.MOV","ABDOMINAL BICICLETA COM MINIBAND_2.mp4"
ex_123,"Abdominal L-sit","ABDOMINAL COM PESO.MOV","ABDOMINAL COM PESO_2.mp4"
ex_127,"Remador","REMADORAVANCADO.MOV","REMADORAVANCADO_2.mp4"
ex_129,"Joelho no peito na máquina","JOELHO NO PEITO NA MAQUINA.MOV","JOELHO NO PEITO NA MAQUINA_2.mp4"
ex_130,"GHD Sit-up","GHD SIT UP.MOV","GHD SIT UP_2.mp4"
ex_131,"Abdominal declinado no banco","ABDOMINAL DECLINADO NO BANCO.MOV","ABDOMINAL DECLINADO NO BANCO_2.mp4"
ex_133,"Abdominal Reloginho","ABDOMINAL RELOGINHO.MOV","ABDOMINAL RELOGINHO_2.mp4"
ex_134,"Toes to Kettlebell","TOES TO KTB.MOV","TOES TO KTB_2.mp4"
ex_137,"Bird dog","BIRD DOG.MOV","BIRD DOG(1)_2.mp4"
ex_138,"Dead bug","DEAD BUG.MOV","DEAD BUG_2.mp4"
ex_142,"Anti-rotação com elástico","ANTI ROTACAO COM ELASTICO.MOV","ANTI ROTACAO COM ELASTICO_2.mp4"
ex_143,"Cable anti-rotação (Pallof Press)","PALOFF PRESS.MOV","PALOFF PRESS(1)_2.mp4"
ex_144,"Woodchopper no cross","WOODCHOPPER NO CROSS.MOV","WOODCHOPPER NO CROSS_2.mp4"
ex_146,"Farmer's carry unilateral","FARMRS CARRY UNILATERAL.MOV","FARMRS CARRY UNILATERAL_2.mp4"
ex_149,"Dead bug com miniband","DEAD BUG COM MINI BAND.MOV","DEAD BUG COM MINI BAND_2.mp4"
ex_151,"Pike push-up","PIKE PUSH UP.MOV","PIKE PUSH UP_2.mp4"
ex_153,"Elevação lateral com halteres","ELEVACAO LATERAL .MOV","ELEVACAO LATERAL-_1.mp4"
ex_154,"Desenvolvimento com halteres","DESENVOLVIMENTO.MOV","DESENVOLVIMENTO_2.mp4"
ex_155,"Remada alta com elástico","REMADA ALTA COM ELASTICO.MOV","REMADA ALTA COM ELASTICO_2.mp4"
ex_156,"Desenvolvimento com barra","DESENVOLVIMENTO COM BARRA.MOV","DESENVOLVIMENTO COM BARRA_2.mp4"
ex_157,"Elevação frontal com halteres","ELEVACAO FRONTAL.MOV","ELEVACAO FRONTAL_2.mp4"
ex_158,"Crucifixo invertido no peck deck","CRUCIFIXO INVERTIDO NO PECK DECK.MOV","CRUCIFIXO INVERTIDO NO PECK DECK_2.mp4"
ex_159,"Arnold press","ARNOLD PRESS.MOV","ARNOLD PRESS_2.mp4"
ex_160,"Push press com barra","PUSH PRESS.MOV","PUSH PRESS_2.mp4"
ex_161,"Prancha pike walk","PRANCHA PIKE WALK.MOV","PRANCHA PIKE WALK_2.mp4"
ex_162,"Prancha com giro de tronco","PRANCHA COM GIRO DE TRONCO.MOV","PRANCHA COM GIRO DE TRONCO_2.mp4"
ex_163,"Toque alternado em parede na prancha","PRANCHA COM TOQUE ALTERNADO NA PAREDE.MOV","PRANCHA COM TOQUE ALTERNADO NA PAREDE_2.mp4"
ex_164,"Desenvolvimento com elástico","DESENVOLVIMENTO COM ELASTICO.MOV","DESENVOLVIMENTO COM ELASTICO_2.mp4"
ex_165,"Elevação lateral com miniband","ELEVACAO LATERAL COM ELASTICO.MOV","ELEVACAO LATERAL COM ELASTICO_2.mp4"
ex_167,"Desenvolvimento no Smith","DESENVOLVIMENTO NO SMITH.MOV","DESENVOLVIMENTO NO SMITH_2.mp4"
ex_168,"Elevação lateral na polia","ELEVACAO LATERAL NA POLIA.MOV","ELEVACAO LATERAL NA POLIA_2.mp4"
ex_171,"Remada alta com barra","REMADA ALTA COM BARRA.MOV","REMADA ALTA COM BARRA_2.mp4"
ex_172,"Press militar com barra","PRESS MILITAR CO BARRA.MOV","PRESS MILITAR CO BARRA_2.mp4"
ex_173,"Elevação frontal/ lateral com halteres","ELEVACAO FRONTAL:LATERAL.MOV","ELEVACAO FRONTAL_LATERAL_2.mp4"
ex_174,"Flexão de braço tradicional","FLEXAO DE BRACO TRADICINAL.mov","FLEXAO DE BRACO TRADICINAL_2.mp4"
ex_175,"Flexão de braço com pegada aberta","FLEXAO DE BRACO PEGADA ABERTA.MOV","FLEXAO DE BRACO PEGADA ABERTA_2.mp4"
ex_177,"Supino com halteres no chão","SUPINO COM HALTERES NO CHAO.MOV","SUPINO COM HALTERES NO CHAO_2.mp4"
ex_178,"Flexão com elástico de resistência","FLEXAO COM BAND.MOV","FLEXAO COM BAND_2.mp4"
ex_180,"Supino reto com barra","SUPINO RETO COM BARRA.MOV","SUPINO RETO COM BARRA_2.mp4"
ex_181,"Supino inclinado com barra","SUPINO INCLINADO.MOV","SUPINO INCLINADO_2.mp4"
ex_182,"Crossover no cross","CROSSOVER NA POLIA.MOV","CROSSOVER NA POLIA_2.mp4"
ex_183,"Crucifixo no peck deck","CRUCIFIXO NO PEC DECK.MOV","CRUCIFIXO NO PEC DECK_2.mp4"
ex_185,"Push-up explosivo com palmas","PUSH UP EXPLOSIVO COM PALMAS.MOV","PUSH UP EXPLOSIVO COM PALMAS_2.mp4"
ex_186,"Burpee com push-up","BURPEE COM PUSH UP.MOV","BURPEE COM PUSH UP_2.mp4"
ex_187,"Flexão diamante","FLEXAO DIAMANTE.MOV","FLEXAO DIAMANTE_2.mp4"
ex_188,"Flexão isométrica (segurando embaixo)","FLEXAO ISOMETRICA.MOV","FLEXAO ISOMETRICA_2.mp4"
ex_189,"Flexão com apoio de halteres","FLEXAO COM APOIO DE HALTERES.MOV","FLEXAO COM APOIO DE HALTERES_2.mp4"
ex_190,"Supino inclinado com halteres","SUPINO INCLINADO COM HALTERES.MOV","SUPINO INCLINADO COM HALTERES_2.mp4"
ex_192,"Cross over na polia alta","CROSSOVER NA POLIA ALTA.MOV","CROSSOVER NA POLIA ALTA_2.mp4"
ex_193,"Flexão com pés elevados e mãos sobre halteres","FLEXAO COM PES ELEVADOS E APOIO DE HALTERES.MOV","FLEXAO COM PES ELEVADOS E APOIO DE HALTERES_2.mp4"
ex_195,"Rosca direta com halteres","ROSCA DIRETA COM HALTERES.MOV","ROSCA DIRETA COM HALTERES_2.mp4"
ex_196,"Rosca alternada com halteres","ROSCA ALTERNADA COM HALTERES.MOV","ROSCA ALTERNADA COM HALTERES_2.mp4"
ex_197,"Rosca martelo com halteres","ROSCA MARTELO.MOV","ROSCA MARTELO_2.mp4"
ex_198,"Rosca com elástico","ROSCA COM ELASTICO.MOV","ROSCA COM ELASTICO_2.mp4"
ex_199,"Rosca direta com barra","ROSCA DIRETA COM BARRA.MOV","ROSCA DIRETA COM BARRA_2.mp4"
ex_200,"ROSCA SCOTT COM BARRA W","ROSCA SCOTT COM BARRA W.MOV","ROSCA SCOTT COM BARRA W_2.mp4"
ex_201,"Rosca concentrada","ROSCA CONCENTRADA.MOV","ROSCA CONCENTRADA_2.mp4"
ex_202,"Rosca inversa","ROSCA INVERTIDA.MOV","ROSCA INVERTIDA_2.mp4"
ex_203,"Chin-up (barra com pegada supinada)","CHIN UP.MOV","CHIN UP_2.mp4"
ex_204,"Body row com pegada fechada","BODY ROW COM PEGADA FECHADA.MOV","BODY ROW COM PEGADA FECHADA_2.mp4"
ex_205,"Flexão australiana em mesa baixa","FLEXAO AUSTRALIANA.MOV","FLEXAO AUSTRALIANA_2.mp4"
ex_206,"Rosca 21 com halteres","ROSCA 21 COM HALTERES.MOV","ROSCA 21 COM HALTERES_2.mp4"
ex_207,"Rosca martelo alternada com halteres","ROSCA MARTELO ALTERNADA COM HALTERES.MOV","ROSCA MARTELO ALTERNADA COM HALTERES_2.mp4"
ex_208,"Rosca unilateral na polia baixa","ROSCA UNILATERAL NA POLIA BAIXA.MOV","ROSCA UNILATERAL NA POLIA BAIXA_2.mp4"
ex_209,"Rosca corda na polia baixa","ROSCA CORDA NA POLIA'.MOV","ROSCA CORDA NA POLIA__2.mp4"
ex_210,"Rosca martelo na polia com corda","ROSCA MARTELO NA POLIA COM CORDA.MOV","ROSCA MARTELO NA POLIA COM CORDA_2.mp4"
ex_211,"Rosca martelo alternada com isometria","ROSCA MARTELO ALTERNADA COM ISOMETRIA.MOV","ROSCA MARTELO ALTERNADA COM ISOMETRIA_2.mp4"
ex_212,"Rosca Zottman com halteres","ROSCA ZOTTMAN COM HALTERES.MOV","ROSCA ZOTTMAN COM HALTERES_2.mp4"
ex_213,"Rosca 21 na barra W","ROSCA 21 NA BARRA W.MOV","ROSCA 21 NA BARRA W_2.mp4"
ex_217,"Tríceps testa com halteres","TRICEPS TESTA COM HALTER.MOV","TRICEPS TESTA COM HALTER_2.mp4"
ex_218,"Tríceps francês com halteres","TRICEPS FRANCES COM HALTER.mov","TRICEPS FRANCES COM HALTER_2.mp4"
ex_220,"Tríceps corda na polia","TRICEPS CORDA NA POLIA.MOV","TRICEPS CORDA NA POLIA_2.mp4"
ex_221,"Tríceps testa com barra","TRICEPS TESTA COM BARRA.MOV","TRICEPS TESTA COM BARRA_2.mp4"
ex_222,"Tríceps coice com halteres","TRICEPS COICE COM HALTER.MOV","TRICEPS COICE COM HALTER_2.mp4"
ex_223,"Tríceps na barra paralela (Graviton)","TRICEPS BARRA PARALELA NO GRAVITON.MOV","TRICEPS BARRA PARALELA NO GRAVITON_2.mp4"
ex_226,"Extensão de tríceps com elástico (acima da cabeça)","EXTENSAO DE TRICEPS ACIMA DA CABECA .MOV","EXTENSAO DE TRICEPS ACIMA DA CABECA-_1.mp4"
ex_227,"Tríceps corda WRISTS","TRICEPS CORDA WRISTS.MOV","TRICEPS CORDA WRISTS_2.mp4"
ex_228,"Tríceps testa com barra W","TRICEPS TESTA COM BARRA W.MOV","TRICEPS TESTA COM BARRA W_2.mp4"
ex_229,"Tríceps francês unilateral com halteres sentado","TRICEPS FRANCES UNILATERAL COM HALTERES.MOV","TRICEPS FRANCES UNILATERAL COM HALTERES_2.mp4"
ex_230,"Tríceps banco","TRICEPS NO BANCO DIPS.MOV","TRICEPS NO BANCO DIPS_2.mp4"
ex_231,"Kickback com elástico","KICK BACK COM ELASTICO.MOV","KICK BACK COM ELASTICO_2.mp4"
ex_232,"Tríceps coice com elástico unilateral","TRICEPS COICE COM ELASTICO.MOV","TRICEPS COICE COM ELASTICO_2.mp4"
ex_233,"Tríceps testa com halteres alternado","TRICEPS TESTA COM HALTERES ALTERNADO.MOV","TRICEPS TESTA COM HALTERES ALTERNADO_2.mp4"
ex_238,"Remada curvada com halteres","REMADA CURVADA COM HALTERES.MOV","REMADA CURVADA COM HALTERES_2.mp4"
ex_239,"Remada unilateral com halteres","REMADA UNILATERAL COM HALTERES.MOV","REMADA UNILATERAL COM HALTERES_2.mp4"
ex_240,"Pull apart com elástico","PULL APART COM ELASTICO.MOV","PULL APART COM ELASTICO_2.mp4"
ex_241,"Puxada frontal aberta","PUXADA NA FRENTE PULLDOWN .MOV","PUXADA NA FRENTE  PULLDOWN-_1.mp4"
ex_242,"Remada baixa na máquina","REMADA BAIXA NA MAQUINA.MOV","REMADA BAIXA NA MAQUINA_2.mp4"
ex_243,"Pulldown com triângulo","PULLDOWN COM TRIANGULO .MOV","PULLDOWN COM TRIANGULO-_1.mp4"
ex_244,"Remada cavalinho na maquina pegada aberta","REMADA CAVALINHO MAQUINA.MOV","REMADA CAVALINHO MAQUINA_2.mp4"
ex_246,"Barra fixa pronada (pull-up)","BARRA FIXA PULL UP.MOV","BARRA FIXA PULL UP_2.mp4"
ex_247,"Body row com pegada aberta","BODY ROW COM PEGADA ABERTA.mov","BODY ROW COM PEGADA ABERTA_2.mp4"
ex_248,"Kipping pull-up","KIPPING PULL UP.MOV","KIPPING PULL UP_2.mp4"
ex_249,"Prancha com puxada unilateral com elastcio","PRANCHA COM PUXADA UNILATERAL.MOV","PRANCHA COM PUXADA UNILATERAL_2.mp4"
ex_252,"Pulldown com elástico fixado em cima","PULLDOWN COM ELASTICO.MOV","PULLDOWN COM ELASTICO_2.mp4"
ex_253,"Remada unilateral na maquina","REMADA UNILATERAL NA MAQUINA .MOV","REMADA UNILATERAL NA MAQUINA-_1.mp4"
ex_254,"Crucifixo inverso no banco inclinado","CRUCIFIXO INVERTIDO NO BANCO INCLINADO.MOV","CRUCIFIXO INVERTIDO NO BANCO INCLINADO_2.mp4"
ex_256,"Pullover com halteres","PULLOVER COM HALTERES.MOV","PULLOVER COM HALTERES_2.mp4"
ex_257,"Pullover no cross ou na máquina","PULLOVER NO CROSS.MOV","PULLOVER NO CROSS_2.mp4"
ex_258,"Remada cavalinho (T-Bar Row)","REMADA CAVALINHO T-BAR.MOV","REMADA CAVALINHO T-BAR_2.mp4"
ex_259,"Back Extension 45° (Roman Chair)","BACK EXENSION.MOV","BACK EXENSION_2.mp4"
ex_260,"Remada cavalinho na maquina pegada neutra","REMADA CAVALINHO NA MAQUINA PEGADA FECHADA.MOV","REMADA CAVALINHO NA MAQUINA PEGADA FECHADA_2.mp4"
ex_261,"Pull Up (Graviton)","PULL UP NO GRAVITON.MOV","PULL UP NO GRAVITON_2.mp4"
ex_262,"Remada baixa aberta pronada","REMADA BAIXA ABERTA PRONADA.MOV","REMADA BAIXA ABERTA PRONADA_2.mp4"
ex_263,"Remada no TRX","REMADA NO TRX.MOV","REMADA NO TRX_2.mp4"
ex_264,"Polichinelo","POLICHINELO.MOV","POLICHINELO_2.mp4"
ex_265,"Burpee","BURPEE.MOV","BURPEE_2.mp4"
ex_266,"Mountain climber","MONTAINCLIMBER.MOV","MONTAINCLIMBER_2.mp4"
ex_268,"Esteira (corrida)","CORRIDANAESTEIRA.MOV","CORRIDANAESTEIRA_2.mp4"
ex_269,"Bicicleta ergométrica","BICICLETAERGOMETRICA.MOV","BICICLETAERGOMETRICA_2.mp4"
ex_276,"Corrida estacionária com calcanhar no glúteo","CORRIDAESTACIONARIACOMCALCANHARNOGLUTEO.MOV","CORRIDAESTACIONARIACOMCALCANHARNOGLUTEO_2.mp4"
ex_278,"Remada em máquina (Row)","REMADAEMMAQUINAROW.MOV","REMADAEMMAQUINAROW_2.mp4"
ex_279,"Skaters (saltos laterais)","SKATERS.MOV","SKATERS_2.mp4"
ex_280,"Jumping lunge (afundo com salto)","AFUNDOCOMSALTO.MOV","AFUNDOCOMSALTO_2.mp4"
ex_281,"Sprints na esteira","SPRINTSNAESTEIRA.MOV","SPRINTSNAESTEIRA_2.mp4"
ex_282,"Subida e descida no step rápido","SUBIDAEDESCIDARAPIDANOSTEP.MOV","SUBIDAEDESCIDARAPIDANOSTEP_2.mp4"
ex_286,"Corrida lateral com toques no chão","CORRIDA LATERAL COM TOQUE NO CHAO.MOV","CORRIDA LATERAL COM TOQUE NO CHAO_2.mp4"
ex_289,"Thruster com elastico","TRHUSTER COM ELASTICO.MOV","TRHUSTER COM ELASTICO_2.mp4"
ex_290,"Bear crawl (deslocamento em 4 apoios)","BEARCRAWL.MOV","BEARCRAWL_2.mp4"
ex_292,"Polichinelo com agachamento","POLICHINELOCOMAGACHAMENTO.MOV","POLICHINELOCOMAGACHAMENTO_2.mp4"
ex_293,"Polichinelo com toque no chão","POLICHINELOCOMTOQUENOCHAO.MOV","POLICHINELOCOMTOQUENOCHAO_2.mp4"
ex_294,"Polichinelo cruzado","POLICHINELOCRUZADO.MOV","POLICHINELOCRUZADO_2.mp4"
ex_295,"Polichinelo frontal","POLICHINELOFRONTAL.MOV","POLICHINELOFRONTAL_2.mp4"
ex_296,"Passos de pato","PASSODEPATO.MOV","PASSODEPATO_2.mp4"
ex_297,"Passos de caranguejo","PASSODECARANGUEIJO.MOV","PASSODECARANGUEIJO_2.mp4"
ex_298,"Passos de jacaré","PASSODEJACARE.MOV","PASSODEJACARE_2.mp4"
ex_299,"Salto de sapo","SALTODESAPO.MOV","SALTODESAPO_2.mp4"
